l1,l2,l3,l4,l5,l6
gszuho,ivvru,aruzhxi,xwbjoz,nxepcjqa,mvvttkl
awibednk,jjuctirjb,paridipk,kigcna,tuadaf,yxstxzib
gtpnby,arlguqq,xfell,evmvsctok,bkvbtsayr,qpmgzbgt
vroedw,mdzzkmijqv,uvpsxyrj,wgbuhtlwfp,ijyofeyyi,nrkzirx
qxuxgq,xuuumw,kqhzaff,zdpexckk,gwqzo,dkuvoe
eyyetkep,volwju,kebkfp,mclffv,ihonadzo,efzybjkcc
wcnonoy,smqcuxfky,mocdzf,xxywhzpk,snwpaqb,wqqjn
lbwjwqaw,mjoqcccj,lcsxghji,nrvinob,vvzgv,ngxlqp
tvaep,ymjcrnkkiy,esiwrxs,mxxusmmr,imwar,ctjkjaho
zqqwndmbgu,mparzsnqyx,dgkrfj,ixriedcn,ppulhw,honuzsx
zmkfma,uyvgy,zadormdq,vgeettat,xslnryf,wqnqecomnq
xsmmt,bpgqlj,owvulnzcc,eoyucozjsb,dxiqyi,sxglxey
onjbz,sopmm,fbtqmhhv,vlipl,iokjaogi,epzfzhhf
xgyyi,rgoddstosp,iucbtazy,pizae,lciun,xsvakmjaxx
oztgfplu,prpfyqhcp,duzmvpziu,mlrnco,sgscyhpm,beqjphrhnx
zxskpoivk,ngpztl,wpiwkigq,gzdiqkykfh,hwgsfw,effjakwwiw
ugxkakynht,kjnrnmhqk,nkivvnvdtd,rtwil,dqyxe,qqsmscgh
xlkjqk,ynbzmv,yntyv,jkffbbarij,jzcqpu,omqmjpyz
kczpwfuztm,alipbkeun,ztwsdy,bnszikvck,dapwzgxzvx,axrmizoitx
opkvuk,mnvyr,croetbjh,cyhmxpdvd,pofsxwpy,jgsrzsbtag
ninhhnm,gcsag,izcurr,mjwnvl,byymxgvzam,nkttw
kxottcyvau,pekvevju,gsuha,szsmuhvrm,ykwiph,opgchjal
omydqtzt,risbri,yzjimtz,elldtsb,acffzqpu,ptqdt
ybtndoolt,kvfnii,qprpzmwrft,wiqph,mkhdvq,hbhgoinvwa
lkpaedrcyp,gtmqhf,ewqmugumv,ajdrn,wxzmba,qwohvkd
yzqgbzrcv,vfguzl,wdpkrqojl,bntrck,bypzdlbqqj,wxhtcfwb
bsmbhtnuqb,dmwuyzkik,chyedoj,qgsuoefbp,ydcrd,vcfuld
